"ElapsedSeconds","CpuPercentMachine","WorkingSetMiB","PrivateMiB","Handles","Threads"
"15.05","0","189.816","293.648","544","41"
"20.06","0","180.211","282.609","544","39"
"25.06","0","179.043","277.477","541","36"
"30.06","0","179.227","277.477","540","36"
"35.06","0","179.34","277.371","521","32"
"40.07","0.41","181.371","278.375","521","32"
"45.07","1.0738","200.164","289.25","559","35"
"50.07","0.3319","200.164","289.25","559","35"
"55.07","0","200.113","289.148","549","33"
"60.07","0","200.055","289.055","542","30"
"65.08","0","200.055","289.055","544","30"
"70.08","0","200.062","289.055","545","30"
"75.08","0","200.062","289.055","545","30"
"80.08","0","200.062","289.055","545","30"
"85.09","0","200.062","289.055","545","30"
"90.09","0","200.047","289.027","544","29"
"95.09","0","200.047","289.027","544","29"
"100.09","0","200.047","289.027","544","29"
"105.09","0","200.047","289.027","544","29"
"110.09","0.0195","200.047","289.027","544","29"
"115.1","0","200.047","289.027","544","29"
"120.1","0","200.047","289.027","544","29"
"125.1","0","200.047","289.027","544","29"
"130.1","0","200.047","289.027","544","29"
"135.1","0.0586","199.84","288.703","531","20"
"140.1","0","199.84","288.703","531","20"
"145.11","0","199.84","288.703","531","20"
"150.11","0","199.84","288.703","531","20"
"155.11","0","199.84","288.703","531","20"
"160.11","0","199.84","288.703","530","20"
"165.11","0","199.84","288.703","530","20"
"170.11","0","199.84","288.703","530","20"
"175.12","0","199.84","288.703","530","20"
"180.12","0","199.84","288.703","530","20"
"185.12","0","199.84","288.703","530","20"
"190.12","0","199.84","288.703","530","20"
"195.12","0","199.84","288.703","530","20"
"200.12","0","199.84","288.703","530","20"
"205.12","0","199.766","288.586","522","17"
"210.13","0","199.766","288.586","522","17"
"215.13","0","199.766","288.586","522","17"
"220.13","0","199.766","288.586","522","17"
"225.13","0","199.766","288.586","520","17"
"230.13","0","199.766","288.586","520","17"
"235.13","0","199.766","288.586","520","17"
"240.13","0","199.766","288.586","520","17"
"245.14","0","199.766","288.586","520","17"
"250.14","0","199.766","288.586","520","17"
"255.14","0","199.766","288.586","520","17"
"260.14","0","199.766","288.586","520","17"
"265.14","0","199.766","288.586","520","17"
"270.15","0","199.742","288.551","517","16"
"275.15","0","199.742","288.551","517","16"
"280.15","0","199.742","288.551","517","16"
"285.15","0","199.742","288.551","517","16"
"290.15","0","199.785","288.617","521","18"
"295.16","0","199.785","288.617","521","18"
"300.16","0","200.129","288.676","521","20"
"305.16","0","200.129","288.676","521","20"
"310.16","0","200.129","288.676","521","20"
"315.16","0","200.129","288.676","521","20"
"320.17","0","200.129","288.676","521","20"
"325.17","0","200.133","288.676","521","20"
"330.17","0","200.133","288.676","521","20"
"335.17","0","200.133","288.676","521","20"
"340.17","0","200.039","288.676","521","20"
"345.17","0","199.824","288.648","520","19"
"350.17","0","197.207","288.648","520","19"
"355.17","0","196.859","288.648","520","19"
"360.18","0","196.398","288.648","520","19"
"365.18","0","196.402","288.648","522","19"
"370.18","0","196.32","288.648","522","19"
"375.18","0","196.273","288.648","522","19"
"380.18","0","195.812","288.648","522","19"
"385.19","0","195.812","288.648","522","19"
"390.19","0","195.812","288.648","522","19"
"395.19","0","195.812","288.648","522","19"
"400.19","0","195.812","288.648","522","19"
"405.19","0","195.793","288.617","522","18"
"410.19","0","195.02","288.586","518","17"
"415.2","0","195.02","288.586","518","17"
"420.2","0","195.02","288.586","518","17"
"425.2","0","195.02","288.586","518","17"
"430.2","0","195.02","288.586","518","17"
"435.2","0","195.02","288.586","518","17"
"440.21","0","195.02","288.586","518","17"
"445.21","0","195.02","288.586","518","17"
"450.21","0","195.02","288.586","518","17"
"455.21","0","195.02","288.586","518","17"
"460.21","0","195.02","288.586","518","17"
"465.21","0","195.02","288.586","518","17"
"470.21","0","194.965","288.488","512","14"
"475.21","0","194.965","288.488","512","14"
"480.22","0","194.965","288.488","512","14"
"485.22","0","194.965","288.488","512","14"
"490.22","0","194.965","288.488","512","14"
"495.22","0","194.965","288.488","512","14"
"500.22","0","194.965","288.488","512","14"
"505.22","0","194.965","288.488","512","14"
"510.22","0","194.965","288.488","512","14"
"515.22","0","194.965","288.488","512","14"
"520.23","0","194.965","288.488","512","14"
"525.23","0","194.965","288.488","512","14"
"530.23","0.0195","194.965","288.488","512","14"
"535.23","0","194.965","288.488","512","14"
"540.23","0","194.965","288.488","512","14"
"545.23","0","194.965","288.488","512","14"
"550.23","0.0195","194.965","288.488","512","14"
"555.23","0","194.965","288.488","512","14"
"560.24","0","194.965","288.488","512","14"
"565.24","0","194.965","288.488","512","14"
"570.24","0.0391","194.965","288.488","512","14"
"575.24","0","194.965","288.488","512","14"
"580.24","0","194.965","288.488","512","14"
"585.24","0","194.965","288.488","512","14"
"590.24","0","194.965","288.488","512","14"
"595.24","0","194.965","288.488","512","14"
"600.25","0","195.027","288.57","512","17"
"605.25","0","195.027","288.57","512","17"
"610.25","0.0391","195.027","288.57","512","17"
