"Label","DateUtc","ElapsedSeconds","CpuPercentMachine","WorkingSetMiB","PrivateMiB","Threads","Handles"
"installed-observed-session","2026-10-07T20:49:37.4943482Z","2.012","0","108.113","414.961","35","548"
"installed-observed-session","2026-10-07T20:49:39.5072288Z","4.025","0.0485","108.113","414.961","35","549"
"installed-observed-session","2026-10-07T20:49:41.5113019Z","6.03","0.0487","108.109","414.961","35","549"
"installed-observed-session","2026-10-07T20:49:43.5142948Z","8.033","0","108.109","414.961","35","548"
"installed-observed-session","2026-10-07T20:49:45.5171464Z","10.035","0.0488","108.109","414.961","35","548"
"installed-observed-session","2026-10-07T20:49:47.5201349Z","12.038","0.0488","108.109","414.961","35","548"
"installed-observed-session","2026-10-07T20:49:49.5222298Z","14.04","0","108.109","414.961","35","548"
"installed-observed-session","2026-10-07T20:49:51.5247911Z","16.043","0.0488","108.109","414.961","35","548"
"installed-observed-session","2026-10-07T20:49:53.5291452Z","18.047","0","108.109","414.961","35","548"
"installed-observed-session","2026-10-07T20:49:55.5317334Z","20.05","0.1463","108.109","414.961","35","548"
"installed-observed-session","2026-10-07T20:49:57.5338267Z","22.052","0","108.109","414.961","35","548"
"installed-observed-session","2026-10-07T20:49:59.5362579Z","24.055","0","108.109","414.961","35","548"
"installed-observed-session","2026-10-07T20:50:01.5389007Z","26.057","0.0488","108.109","414.961","35","548"
"installed-observed-session","2026-10-07T20:50:03.5418029Z","28.06","0.0488","108.109","414.961","35","548"
"installed-observed-session","2026-10-07T20:50:05.5431205Z","30.061","0.0488","108.109","414.961","35","548"
"installed-observed-session","2026-10-07T20:50:07.5465331Z","32.065","0","108.109","414.961","35","548"
"installed-observed-session","2026-10-07T20:50:09.5490069Z","34.067","0.0488","108.109","414.961","35","548"
"installed-observed-session","2026-10-07T20:50:11.5514359Z","36.07","0","108.109","414.961","35","548"
"installed-observed-session","2026-10-07T20:50:13.5538988Z","38.072","0","108.109","414.961","35","548"
"installed-observed-session","2026-10-07T20:50:15.5564858Z","40.075","0.0488","108.109","414.961","35","548"
"installed-observed-session","2026-10-07T20:50:17.5585376Z","42.077","0","108.109","414.961","35","548"
"installed-observed-session","2026-10-07T20:50:19.5614278Z","44.08","0.0488","108.109","414.961","35","548"
"installed-observed-session","2026-10-07T20:50:21.5662152Z","46.084","0.0487","108.109","414.961","35","548"
"installed-observed-session","2026-10-07T20:50:23.5694734Z","48.088","0.0487","108.109","414.961","35","548"
"installed-observed-session","2026-10-07T20:50:25.5716217Z","50.09","0","108.109","414.961","35","548"
"installed-observed-session","2026-10-07T20:50:27.5738439Z","52.092","0.0488","108.109","414.961","35","548"
"installed-observed-session","2026-10-07T20:50:29.5761349Z","54.094","0","108.109","414.961","35","549"
"installed-observed-session","2026-10-07T20:50:31.5782868Z","56.097","0","108.109","414.961","35","549"
"installed-observed-session","2026-10-07T20:50:33.5806356Z","58.099","0","108.109","414.961","35","548"
"installed-observed-session","2026-10-07T20:50:35.5837330Z","60.102","0.0488","108.109","414.961","35","548"
"installed-observed-session","2026-10-07T20:50:37.5866373Z","62.105","0.0488","108.109","414.961","35","548"
"installed-observed-session","2026-10-07T20:50:39.5891557Z","64.107","0.1951","108.109","414.961","35","548"
"installed-observed-session","2026-10-07T20:50:41.5920751Z","66.11","0.0488","108.109","414.961","35","548"
"installed-observed-session","2026-10-07T20:50:43.5943041Z","68.113","0","108.238","415.43","37","556"
"installed-observed-session","2026-10-07T20:50:45.5966412Z","70.115","0","108.238","415.43","37","556"
"installed-observed-session","2026-10-07T20:50:47.5973637Z","72.116","0.1464","108.238","415.43","37","556"
"installed-observed-session","2026-10-07T20:50:49.5994042Z","74.118","0","108.238","415.43","37","556"
"installed-observed-session","2026-10-07T20:50:51.6014754Z","76.12","0","108.238","415.43","37","556"
"installed-observed-session","2026-10-07T20:50:53.6035536Z","78.122","0.0976","108.637","415.871","36","555"
"installed-observed-session","2026-10-07T20:50:55.6058892Z","80.124","0","108.637","415.871","36","556"
"installed-observed-session","2026-10-07T20:50:57.6082582Z","82.127","0.0488","108.637","416.566","36","553"
"installed-observed-session","2026-10-07T20:50:59.6102222Z","84.128","0.0488","108.637","416.566","36","553"
"installed-observed-session","2026-10-07T20:51:01.6126315Z","86.131","0.0975","108.637","416.566","36","553"
"installed-observed-session","2026-10-07T20:51:03.6142253Z","88.132","0","108.609","416.512","35","548"
"installed-observed-session","2026-10-07T20:51:05.6164817Z","90.135","0","108.609","416.512","35","548"
"installed-observed-session","2026-10-07T20:51:07.6200819Z","92.138","0","108.621","416.512","35","549"
"installed-observed-session","2026-10-07T20:51:09.6220253Z","94.14","0.0488","108.625","416.512","35","548"
"installed-observed-session","2026-10-07T20:51:11.6244259Z","96.143","0","108.625","416.512","35","548"
"installed-observed-session","2026-10-07T20:51:13.6266841Z","98.145","0.1463","108.559","415.648","45","581"
"installed-observed-session","2026-10-07T20:51:15.6290179Z","100.147","0.0488","108.559","415.648","45","581"
"installed-observed-session","2026-10-07T20:51:17.6312591Z","102.15","0.0488","108.559","415.758","45","581"
"installed-observed-session","2026-10-07T20:51:19.6337132Z","104.152","0","108.562","415.758","45","581"
"installed-observed-session","2026-10-07T20:51:21.6358248Z","106.154","0.0488","108.562","415.758","45","581"
"installed-observed-session","2026-10-07T20:51:23.6400117Z","108.158","0.0487","108.496","415.637","43","571"
"installed-observed-session","2026-10-07T20:51:25.6419907Z","110.16","0","108.496","415.637","43","571"
"installed-observed-session","2026-10-07T20:51:27.6442398Z","112.163","0","108.496","415.637","43","571"
"installed-observed-session","2026-10-07T20:51:29.6465179Z","114.165","0","108.496","415.637","43","571"
"installed-observed-session","2026-10-07T20:51:31.6499619Z","116.168","0.0487","108.496","415.637","43","571"
"installed-observed-session","2026-10-07T20:51:33.6522686Z","118.171","0.0488","108.496","415.637","43","571"
"installed-observed-session","2026-10-07T20:51:35.6533095Z","120.172","0","108.496","415.637","43","571"
"installed-observed-session","2026-10-07T20:51:37.6563719Z","122.175","0.0975","108.496","415.637","43","571"
"installed-observed-session","2026-10-07T20:51:39.6590866Z","124.177","0","108.496","415.637","43","571"
"installed-observed-session","2026-10-07T20:51:41.6612947Z","126.18","0.0488","108.496","415.637","43","571"
"installed-observed-session","2026-10-07T20:51:43.6635150Z","128.182","0","108.543","415.699","40","561"
"installed-observed-session","2026-10-07T20:51:45.6655643Z","130.184","0","108.543","415.699","40","561"
"installed-observed-session","2026-10-07T20:51:47.6677888Z","132.186","0","108.543","415.699","40","561"
"installed-observed-session","2026-10-07T20:51:49.6702910Z","134.189","0","108.543","415.699","40","561"
"installed-observed-session","2026-10-07T20:51:51.6720306Z","136.19","0","108.543","415.699","40","561"
"installed-observed-session","2026-10-07T20:51:53.6744350Z","138.193","0.0488","108.543","415.699","40","561"
"installed-observed-session","2026-10-07T20:51:55.6773339Z","140.196","0.0488","108.543","415.699","40","561"
"installed-observed-session","2026-10-07T20:51:57.6790342Z","142.197","0.0488","108.543","415.699","40","561"
"installed-observed-session","2026-10-07T20:51:59.6808157Z","144.199","0.0488","108.543","415.699","40","561"
"installed-observed-session","2026-10-07T20:52:01.6828352Z","146.201","0","108.543","415.699","40","561"
"installed-observed-session","2026-10-07T20:52:03.6853653Z","148.204","0.0488","108.547","415.703","40","561"
"installed-observed-session","2026-10-07T20:52:05.6876467Z","150.206","0","108.547","415.703","40","561"
"installed-observed-session","2026-10-07T20:52:07.6892352Z","152.207","0","108.547","415.703","40","561"
"installed-observed-session","2026-10-07T20:52:09.6913704Z","154.21","0","108.547","415.703","40","561"
"installed-observed-session","2026-10-07T20:52:11.6934668Z","156.212","0.0976","108.547","415.703","40","561"
"installed-observed-session","2026-10-07T20:52:13.6958308Z","158.214","0","108.547","415.703","40","561"
"installed-observed-session","2026-10-07T20:52:15.6982295Z","160.216","0.1463","108.547","415.703","40","561"
"installed-observed-session","2026-10-07T20:52:17.7004421Z","162.219","0.0975","108.547","415.703","40","561"
"installed-observed-session","2026-10-07T20:52:19.7019535Z","164.22","0","108.547","415.703","40","561"
"installed-observed-session","2026-10-07T20:52:21.7042447Z","166.223","0","108.547","415.703","40","561"
"installed-observed-session","2026-10-07T20:52:23.7064344Z","168.225","0","108.547","415.703","40","561"
"installed-observed-session","2026-10-07T20:52:25.7084756Z","170.227","0","108.547","415.703","40","561"
"installed-observed-session","2026-10-07T20:52:27.7107128Z","172.229","0.0975","108.547","415.703","40","561"
"installed-observed-session","2026-10-07T20:52:29.7125467Z","174.231","0.0488","108.547","415.703","40","561"
"installed-observed-session","2026-10-07T20:52:31.7145694Z","176.233","0","108.547","415.703","40","561"
"installed-observed-session","2026-10-07T20:52:33.7154723Z","178.234","0","108.547","415.703","40","561"
"installed-observed-session","2026-10-07T20:52:35.7176893Z","180.236","0","108.547","415.703","40","561"
"installed-observed-session","2026-10-07T20:52:37.7194121Z","182.238","0","108.547","415.703","40","561"
"installed-observed-session","2026-10-07T20:52:39.7212939Z","184.24","0.0976","108.547","415.703","40","561"
"installed-observed-session","2026-10-07T20:52:41.7235844Z","186.242","0.0488","108.547","415.703","40","561"
"installed-observed-session","2026-10-07T20:52:43.7261303Z","188.244","0","108.547","415.703","40","561"
"installed-observed-session","2026-10-07T20:52:45.7284298Z","190.247","0.0488","108.547","415.703","40","562"
"installed-observed-session","2026-10-07T20:52:47.7302941Z","192.249","0.0488","108.469","415.578","36","551"
"installed-observed-session","2026-10-07T20:52:49.7318186Z","194.25","0","108.469","415.578","36","551"
"installed-observed-session","2026-10-07T20:52:51.7339108Z","196.252","0.0488","108.469","415.578","36","551"
"installed-observed-session","2026-10-07T20:52:53.7361365Z","198.254","0.0488","108.469","415.578","36","551"
"installed-observed-session","2026-10-07T20:52:55.7382065Z","200.256","0.0488","108.469","415.578","36","551"
"installed-observed-session","2026-10-07T20:52:57.7393318Z","202.258","0.0488","108.469","415.578","36","552"
"installed-observed-session","2026-10-07T20:52:59.7413032Z","204.26","0.0488","108.469","415.578","36","551"
"installed-observed-session","2026-10-07T20:53:01.7429778Z","206.261","0.0488","108.469","415.578","36","551"
"installed-observed-session","2026-10-07T20:53:03.7451360Z","208.263","0.0488","108.469","415.578","36","551"
"installed-observed-session","2026-10-07T20:53:05.7469972Z","210.265","0.0976","108.469","415.578","36","551"
"installed-observed-session","2026-10-07T20:53:07.7497223Z","212.268","0.0975","108.469","415.578","36","551"
"installed-observed-session","2026-10-07T20:53:09.7516153Z","214.27","0.0488","108.469","415.578","36","551"
"installed-observed-session","2026-10-07T20:53:11.7528277Z","216.271","0","108.469","415.578","36","551"
"installed-observed-session","2026-10-07T20:53:13.7548937Z","218.273","0.0488","108.469","415.578","36","551"
"installed-observed-session","2026-10-07T20:53:15.7576812Z","220.276","0","108.469","415.578","36","551"
"installed-observed-session","2026-10-07T20:53:17.7601178Z","222.278","0.0488","108.469","415.578","36","551"
"installed-observed-session","2026-10-07T20:53:19.7615991Z","224.28","0","109.078","416.398","37","560"
"installed-observed-session","2026-10-07T20:53:21.7645592Z","226.283","0.0488","109.105","416.398","37","559"
"installed-observed-session","2026-10-07T20:53:23.7667221Z","228.285","0","109.109","416.398","37","559"
"installed-observed-session","2026-10-07T20:53:25.7674709Z","230.286","0","109.133","416.406","37","559"
"installed-observed-session","2026-10-07T20:53:27.7690362Z","232.287","0","109.137","416.406","37","559"
"installed-observed-session","2026-10-07T20:53:29.7708233Z","234.289","0","109.109","416.352","36","554"
"installed-observed-session","2026-10-07T20:53:31.7723002Z","236.291","0","109.109","416.352","36","554"
"installed-observed-session","2026-10-07T20:53:33.7746091Z","238.293","0.0488","109.109","416.352","36","554"
"installed-observed-session","2026-10-07T20:53:35.7759546Z","240.294","0","109.109","416.352","36","554"
"installed-observed-session","2026-10-07T20:53:37.7776824Z","242.296","0","109.109","416.352","36","554"
"installed-observed-session","2026-10-07T20:53:39.7802243Z","244.298","0.0488","109.109","416.352","36","554"
"installed-observed-session","2026-10-07T20:53:41.7822367Z","246.301","0","109.109","416.352","36","554"
"installed-observed-session","2026-10-07T20:53:43.7845783Z","248.303","0","109.109","416.352","36","554"
"installed-observed-session","2026-10-07T20:53:45.7862900Z","250.305","0","109.109","416.352","36","554"
"installed-observed-session","2026-10-07T20:53:47.7889897Z","252.307","0.0488","109.109","416.352","36","554"
"installed-observed-session","2026-10-07T20:53:49.7915935Z","254.31","0.2926","111.191","419.012","46","583"
"installed-observed-session","2026-10-07T20:53:51.7940770Z","256.312","0.0488","111.199","419.02","46","583"
"installed-observed-session","2026-10-07T20:53:53.7950155Z","258.313","0.0976","111.199","419.02","46","583"
"installed-observed-session","2026-10-07T20:53:55.7962945Z","260.315","0.1952","111.199","419.02","46","583"
"installed-observed-session","2026-10-07T20:53:57.7979730Z","262.316","0.0488","111.199","419.02","46","583"
"installed-observed-session","2026-10-07T20:53:59.7994584Z","264.318","0","111.062","418.809","43","572"
"installed-observed-session","2026-10-07T20:54:01.8012448Z","266.32","0","111.062","418.809","43","572"
"installed-observed-session","2026-10-07T20:54:03.8030872Z","268.321","0.0488","111.062","418.809","43","572"
"installed-observed-session","2026-10-07T20:54:05.8051845Z","270.323","0","111.09","418.812","43","572"
"installed-observed-session","2026-10-07T20:54:07.8071525Z","272.325","0","111.09","418.812","43","572"
"installed-observed-session","2026-10-07T20:54:09.8094668Z","274.328","0","111.09","418.812","43","572"
"installed-observed-session","2026-10-07T20:54:11.8119737Z","276.33","0","111.09","418.812","43","572"
"installed-observed-session","2026-10-07T20:54:13.8139751Z","278.332","0.0488","111.09","418.812","43","572"
"installed-observed-session","2026-10-07T20:54:15.8158034Z","280.334","0","111.09","418.812","43","572"
"installed-observed-session","2026-10-07T20:54:17.8176047Z","282.336","0","111.09","418.812","43","572"
"installed-observed-session","2026-10-07T20:54:19.8190747Z","284.337","0","111.07","418.742","40","562"
"installed-observed-session","2026-10-07T20:54:21.8212733Z","286.34","0","111.07","418.742","40","562"
"installed-observed-session","2026-10-07T20:54:23.8226426Z","288.341","0.0488","111.07","418.742","40","562"
"installed-observed-session","2026-10-07T20:54:25.8244926Z","290.343","0.1463","111.09","418.742","40","562"
"installed-observed-session","2026-10-07T20:54:27.8263681Z","292.345","0.0976","111.09","418.742","40","563"
"installed-observed-session","2026-10-07T20:54:29.8287888Z","294.347","0.0488","111.09","418.742","40","563"
"installed-observed-session","2026-10-07T20:54:31.8309007Z","296.349","0.1463","111.09","418.742","40","562"
"installed-observed-session","2026-10-07T20:54:33.8327894Z","298.351","0.0488","111.09","418.742","40","562"
"installed-observed-session","2026-10-07T20:54:35.8345762Z","300.353","0","111.09","418.742","40","562"
"installed-observed-session","2026-10-07T20:54:37.8367667Z","302.355","0","111.09","418.742","40","562"
"installed-observed-session","2026-10-07T20:54:39.8385871Z","304.357","0.0488","111.09","418.742","40","562"
"installed-observed-session","2026-10-07T20:54:41.8401762Z","306.358","0","111.09","418.742","40","562"
"installed-observed-session","2026-10-07T20:54:43.8425982Z","308.361","0","111.09","418.742","40","562"
"installed-observed-session","2026-10-07T20:54:45.8441005Z","310.362","0","111.09","418.742","40","562"
"installed-observed-session","2026-10-07T20:54:47.8457106Z","312.364","0","111.09","418.742","40","562"
"installed-observed-session","2026-10-07T20:54:49.8470990Z","314.365","0.0488","111.09","418.742","40","562"
"installed-observed-session","2026-10-07T20:54:51.8488578Z","316.367","0","111.09","418.742","40","562"
"installed-observed-session","2026-10-07T20:54:53.8513351Z","318.37","0","111.09","418.742","40","562"
"installed-observed-session","2026-10-07T20:54:55.8529923Z","320.371","0.0488","111.09","418.742","40","562"
"installed-observed-session","2026-10-07T20:54:57.8547231Z","322.373","0.0488","111.09","418.742","40","562"
"installed-observed-session","2026-10-07T20:54:59.8565386Z","324.375","0.0976","111.09","418.742","40","562"
"installed-observed-session","2026-10-07T20:55:01.8585835Z","326.377","0.1463","111","418.59","35","549"
"installed-observed-session","2026-10-07T20:55:03.8630814Z","328.381","0.0974","111.113","418.602","35","551"
"installed-observed-session","2026-10-07T20:55:05.8653331Z","330.384","0","111.121","418.602","35","551"
"installed-observed-session","2026-10-07T20:55:07.8671652Z","332.385","0.0976","111.133","418.602","35","551"
"installed-observed-session","2026-10-07T20:55:09.8692507Z","334.388","0","111.133","418.602","35","551"
"installed-observed-session","2026-10-07T20:55:11.8719001Z","336.39","0.0488","111.133","418.602","35","551"
"installed-observed-session","2026-10-07T20:55:13.8742743Z","338.393","0.0488","111.141","418.602","35","551"
"installed-observed-session","2026-10-07T20:55:15.8766342Z","340.395","0.0975","111.152","418.602","35","551"
"installed-observed-session","2026-10-07T20:55:17.8795405Z","342.398","0.0488","111.137","418.602","35","551"
"installed-observed-session","2026-10-07T20:55:19.8819735Z","344.4","0.0488","111.129","418.602","35","551"
"installed-observed-session","2026-10-07T20:55:21.8853987Z","346.404","0.0975","111.129","418.602","35","551"
"installed-observed-session","2026-10-07T20:55:23.8867505Z","348.405","0.1464","111.129","418.602","35","551"
"installed-observed-session","2026-10-07T20:55:25.8893009Z","350.408","0.0488","111.129","418.602","35","551"
"installed-observed-session","2026-10-07T20:55:27.8911267Z","352.409","0","111.129","419.316","35","549"
"installed-observed-session","2026-10-07T20:55:29.8939801Z","354.412","0","111.129","419.316","35","549"
"installed-observed-session","2026-10-07T20:55:31.8964201Z","356.415","0","111.129","419.316","35","549"
"installed-observed-session","2026-10-07T20:55:33.8987137Z","358.417","0.2926","109.703","416.344","46","586"
"installed-observed-session","2026-10-07T20:55:35.9003325Z","360.419","0.0488","109.703","416.344","46","586"
"installed-observed-session","2026-10-07T20:55:37.9020920Z","362.42","0.0976","109.703","416.344","46","587"
"installed-observed-session","2026-10-07T20:55:39.9042443Z","364.423","0","109.703","416.344","46","587"
"installed-observed-session","2026-10-07T20:55:41.9066264Z","366.425","0.0488","109.703","416.344","46","586"
"installed-observed-session","2026-10-07T20:55:43.9088737Z","368.427","0","109.582","416.168","44","576"
"installed-observed-session","2026-10-07T20:55:45.9117883Z","370.43","0.0488","109.629","416.227","44","576"
"installed-observed-session","2026-10-07T20:55:47.9141624Z","372.432","0.0488","109.629","416.227","44","576"
"installed-observed-session","2026-10-07T20:55:49.9162586Z","374.435","0.0488","109.629","416.227","44","576"
"installed-observed-session","2026-10-07T20:55:51.9191826Z","376.437","0.0488","109.629","416.227","44","576"
"installed-observed-session","2026-10-07T20:55:53.9215550Z","378.44","0.0488","109.629","416.227","44","576"
"installed-observed-session","2026-10-07T20:55:55.9230551Z","380.441","0.0488","109.629","416.227","44","576"
"installed-observed-session","2026-10-07T20:55:57.9257576Z","382.444","0.0488","109.629","416.227","44","576"
"installed-observed-session","2026-10-07T20:55:59.9277345Z","384.446","0","109.629","416.227","44","576"
"installed-observed-session","2026-10-07T20:56:01.9301802Z","386.448","0","109.629","416.227","44","576"
"installed-observed-session","2026-10-07T20:56:03.9324659Z","388.451","0","109.676","416.262","41","565"
"installed-observed-session","2026-10-07T20:56:05.9335265Z","390.452","0","109.676","416.262","41","565"
"installed-observed-session","2026-10-07T20:56:07.9351178Z","392.453","0","109.676","416.262","41","565"
"installed-observed-session","2026-10-07T20:56:09.9368525Z","394.455","0","109.676","416.262","41","565"
"installed-observed-session","2026-10-07T20:56:11.9397560Z","396.458","0","109.676","416.262","41","565"
"installed-observed-session","2026-10-07T20:56:13.9424350Z","398.461","0","109.676","416.262","41","565"
"installed-observed-session","2026-10-07T20:56:15.9434728Z","400.462","0","109.676","416.262","41","565"
"installed-observed-session","2026-10-07T20:56:17.9459278Z","402.464","0","109.676","416.262","41","565"
"installed-observed-session","2026-10-07T20:56:19.9483481Z","404.467","0.0975","109.676","416.262","41","565"
"installed-observed-session","2026-10-07T20:56:21.9506444Z","406.469","0.0488","109.676","416.262","41","565"
"installed-observed-session","2026-10-07T20:56:23.9528178Z","408.471","0","109.676","416.262","41","565"
"installed-observed-session","2026-10-07T20:56:25.9550554Z","410.473","0.0488","109.676","416.262","41","565"
"installed-observed-session","2026-10-07T20:56:27.9575470Z","412.476","0.0488","109.676","416.262","41","565"
"installed-observed-session","2026-10-07T20:56:29.9598438Z","414.478","0.0975","109.676","416.262","41","565"
"installed-observed-session","2026-10-07T20:56:31.9617047Z","416.48","0","109.676","416.262","41","565"
"installed-observed-session","2026-10-07T20:56:33.9644225Z","418.483","0","109.676","416.262","41","565"
"installed-observed-session","2026-10-07T20:56:35.9675883Z","420.486","0.0488","109.676","416.262","41","565"
"installed-observed-session","2026-10-07T20:56:37.9700682Z","422.488","0.0488","109.676","416.262","41","565"
"installed-observed-session","2026-10-07T20:56:39.9715800Z","424.49","0.0488","109.676","416.262","41","565"
"installed-observed-session","2026-10-07T20:56:41.9734396Z","426.492","0.0488","109.676","416.262","41","565"
"installed-observed-session","2026-10-07T20:56:43.9762107Z","428.494","0","109.676","416.262","41","565"
"installed-observed-session","2026-10-07T20:56:45.9780284Z","430.496","0.1951","109.676","416.262","41","566"
"installed-observed-session","2026-10-07T20:56:47.9792824Z","432.498","0.0976","109.676","416.262","41","565"
"installed-observed-session","2026-10-07T20:56:49.9805985Z","434.499","0","109.676","416.262","41","566"
"installed-observed-session","2026-10-07T20:56:51.9826207Z","436.501","0.0976","109.676","416.262","41","565"
"installed-observed-session","2026-10-07T20:56:53.9847403Z","438.503","0.0488","109.676","416.262","41","565"
"installed-observed-session","2026-10-07T20:56:55.9866034Z","440.505","0","109.676","416.262","41","565"
"installed-observed-session","2026-10-07T20:56:57.9889000Z","442.507","0.0975","109.676","416.262","41","565"
"installed-observed-session","2026-10-07T20:56:59.9908364Z","444.509","0","109.676","416.262","41","565"
"installed-observed-session","2026-10-07T20:57:01.9935607Z","446.512","0.195","109.676","416.262","41","565"
"installed-observed-session","2026-10-07T20:57:03.9955357Z","448.514","0","109.676","416.262","41","565"
"installed-observed-session","2026-10-07T20:57:05.9978857Z","450.516","0.0488","109.699","416.262","41","564"
"installed-observed-session","2026-10-07T20:57:08.0001680Z","452.518","0","109.699","416.262","41","564"
"installed-observed-session","2026-10-07T20:57:10.0024907Z","454.521","0","109.699","416.262","41","564"
"installed-observed-session","2026-10-07T20:57:12.0040520Z","456.522","0.0488","109.699","416.262","41","564"
"installed-observed-session","2026-10-07T20:57:14.0062924Z","458.525","0.0488","109.699","416.262","41","564"
"installed-observed-session","2026-10-07T20:57:16.0082141Z","460.526","0.0488","109.609","416.113","36","552"
"installed-observed-session","2026-10-07T20:57:18.0104520Z","462.529","0","109.609","416.113","36","552"
"installed-observed-session","2026-10-07T20:57:20.0122112Z","464.53","0.0976","109.609","416.113","36","552"
"installed-observed-session","2026-10-07T20:57:22.0145776Z","466.533","0.0975","109.609","416.113","36","552"
"installed-observed-session","2026-10-07T20:57:24.0162903Z","468.535","0.0488","109.609","416.113","36","552"
"installed-observed-session","2026-10-07T20:57:26.0175470Z","470.536","0","109.645","416.172","37","559"
"installed-observed-session","2026-10-07T20:57:28.0206411Z","472.539","0.0975","109.645","416.172","37","558"
"installed-observed-session","2026-10-07T20:57:30.0230630Z","474.541","0","109.645","416.172","37","558"
"installed-observed-session","2026-10-07T20:57:32.0253600Z","476.544","0.1951","109.645","416.172","37","558"
"installed-observed-session","2026-10-07T20:57:34.0279831Z","478.546","0.0488","109.645","416.172","37","558"
"installed-observed-session","2026-10-07T20:57:36.0300542Z","480.548","0","109.613","416.113","36","553"
"installed-observed-session","2026-10-07T20:57:38.0330237Z","482.551","0.0488","109.613","416.113","36","553"
"installed-observed-session","2026-10-07T20:57:40.0354214Z","484.554","0","109.613","416.113","36","553"
"installed-observed-session","2026-10-07T20:57:42.0377313Z","486.556","0.0488","109.613","416.113","36","553"
"installed-observed-session","2026-10-07T20:57:44.0398458Z","488.558","0.0976","109.613","416.113","36","553"
"installed-observed-session","2026-10-07T20:57:46.0416637Z","490.56","0.0976","109.613","416.113","36","553"
"installed-observed-session","2026-10-07T20:57:48.0437315Z","492.562","0.0488","109.613","416.113","36","553"
"installed-observed-session","2026-10-07T20:57:50.0444175Z","494.563","0","109.613","416.113","36","553"
"installed-observed-session","2026-10-07T20:57:52.0465430Z","496.565","0","109.613","416.113","36","553"
"installed-observed-session","2026-10-07T20:57:54.0494345Z","498.568","0.0488","109.613","416.57","36","552"
"installed-observed-session","2026-10-07T20:57:56.0518321Z","500.57","0.0488","109.613","416.57","36","552"
"installed-observed-session","2026-10-07T20:57:58.0533070Z","502.572","0.0488","109.613","416.57","36","552"
"installed-observed-session","2026-10-07T20:58:00.0551959Z","504.573","0","109.613","416.57","36","552"
"installed-observed-session","2026-10-07T20:58:02.0576247Z","506.576","0.0488","109.613","416.57","36","552"
"installed-observed-session","2026-10-07T20:58:04.0596543Z","508.578","0","109.613","416.57","36","552"
"installed-observed-session","2026-10-07T20:58:06.0608627Z","510.579","0","109.613","416.57","36","552"
"installed-observed-session","2026-10-07T20:58:08.0632822Z","512.582","0","109.613","416.57","36","552"
"installed-observed-session","2026-10-07T20:58:10.0658877Z","514.584","0","109.613","416.57","36","552"
"installed-observed-session","2026-10-07T20:58:12.0681746Z","516.586","0","109.75","417.352","38","561"
"installed-observed-session","2026-10-07T20:58:14.0706079Z","518.589","0","109.945","417.531","37","561"
"installed-observed-session","2026-10-07T20:58:16.0726053Z","520.591","0","109.945","417.531","37","560"
"installed-observed-session","2026-10-07T20:58:18.0737659Z","522.592","0.0488","109.945","417.531","37","560"
"installed-observed-session","2026-10-07T20:58:20.0753493Z","524.594","0.0488","109.945","417.531","37","560"
"installed-observed-session","2026-10-07T20:58:22.0774816Z","526.596","0","109.918","417.477","36","555"
"installed-observed-session","2026-10-07T20:58:24.0803326Z","528.599","0.1463","109.902","417.449","35","552"
"installed-observed-session","2026-10-07T20:58:26.0813412Z","530.6","0","109.902","417.449","35","552"
"installed-observed-session","2026-10-07T20:58:28.0834684Z","532.602","0.0488","109.902","417.449","35","549"
"installed-observed-session","2026-10-07T20:58:30.0851536Z","534.603","0.0976","109.902","417.449","35","549"
"installed-observed-session","2026-10-07T20:58:32.0880857Z","536.606","0.0488","109.902","417.449","35","549"
"installed-observed-session","2026-10-07T20:58:34.0902029Z","538.608","0","109.902","417.449","35","549"
"installed-observed-session","2026-10-07T20:58:36.0917270Z","540.61","0","109.902","417.449","35","549"
"installed-observed-session","2026-10-07T20:58:38.0939109Z","542.612","0","109.902","417.449","35","549"
"installed-observed-session","2026-10-07T20:58:40.0957719Z","544.614","0.0488","109.902","417.449","35","549"
"installed-observed-session","2026-10-07T20:58:42.0978584Z","546.616","0.0976","113.176","421.863","45","583"
"installed-observed-session","2026-10-07T20:58:44.0991961Z","548.617","0.1464","109.32","415.926","45","582"
"installed-observed-session","2026-10-07T20:58:46.1016575Z","550.62","0","109.32","415.926","45","582"
"installed-observed-session","2026-10-07T20:58:48.1040470Z","552.622","0","109.367","415.973","45","583"
"installed-observed-session","2026-10-07T20:58:50.1062267Z","554.624","0","109.367","415.973","45","582"
"installed-observed-session","2026-10-07T20:58:52.1088908Z","556.627","0.1463","109.246","415.797","43","572"
"installed-observed-session","2026-10-07T20:58:54.1106935Z","558.629","0.0976","109.246","415.797","43","572"
"installed-observed-session","2026-10-07T20:58:56.1131258Z","560.631","0","109.246","415.797","43","572"
"installed-observed-session","2026-10-07T20:58:58.1146908Z","562.633","0.0488","109.246","415.797","43","572"
"installed-observed-session","2026-10-07T20:59:00.1165991Z","564.635","0.0976","109.246","415.797","43","572"
"installed-observed-session","2026-10-07T20:59:02.1190007Z","566.637","0.0488","109.246","415.797","43","572"
"installed-observed-session","2026-10-07T20:59:04.1211727Z","568.639","0.0488","109.246","415.797","43","572"
"installed-observed-session","2026-10-07T20:59:06.1235026Z","570.642","0","109.246","415.797","43","572"
"installed-observed-session","2026-10-07T20:59:08.1257190Z","572.644","0.1463","109.246","415.797","43","572"
"installed-observed-session","2026-10-07T20:59:10.1273978Z","574.646","0.0488","109.246","415.797","43","572"
"installed-observed-session","2026-10-07T20:59:12.1299110Z","576.648","0.0488","109.281","415.828","40","562"
"installed-observed-session","2026-10-07T20:59:14.1320916Z","578.65","0.0975","109.281","415.828","40","562"
"installed-observed-session","2026-10-07T20:59:16.1343780Z","580.653","0.0488","109.281","415.828","40","562"
"installed-observed-session","2026-10-07T20:59:18.1368109Z","582.655","0","109.281","415.828","40","562"
"installed-observed-session","2026-10-07T20:59:20.1386564Z","584.657","0.0488","109.281","415.828","40","562"
"installed-observed-session","2026-10-07T20:59:22.1402351Z","586.659","0","109.281","415.828","40","562"
"installed-observed-session","2026-10-07T20:59:24.1421235Z","588.66","0","109.281","415.828","40","562"
"installed-observed-session","2026-10-07T20:59:26.1447341Z","590.663","0","109.281","415.828","40","562"
"installed-observed-session","2026-10-07T20:59:28.1470968Z","592.665","0.0488","109.32","415.879","40","562"
"installed-observed-session","2026-10-07T20:59:30.1490907Z","594.667","0.0976","109.32","415.879","40","562"
"installed-observed-session","2026-10-07T20:59:32.1505914Z","596.669","0.0488","109.32","415.879","40","562"
"installed-observed-session","2026-10-07T20:59:34.1525557Z","598.671","0.0488","109.32","415.879","40","562"
"installed-observed-session","2026-10-07T20:59:36.1551071Z","600.673","0.0488","109.32","415.879","40","562"
