path,bytes,lines
.cargo/config.toml,317,7
.coderabbit.yaml,402,8
.gitattributes,52,1
.github/FUNDING.yml,950,15
.github/ISSUE_TEMPLATE/bug.yml,1959,63
.github/ISSUE_TEMPLATE/config.yml,408,8
.github/ISSUE_TEMPLATE/feature.yml,1128,35
.github/ISSUE_TEMPLATE/translation.yml,1351,42
.github/copilot-instructions.md,5438,89
.github/pull_request_template.md,698,18
.github/scripts/update-translations.sh,672,11
.github/triage.yml,5005,85
.github/workflows/board.yml,584,25
.github/workflows/ci.yml,9214,211
.github/workflows/docs.yml,1801,66
.github/workflows/flatpak-from-release.yml,2279,60
.github/workflows/issue-assessment.yml,1132,44
.github/workflows/packaging.yml,4946,138
.github/workflows/release.yml,12775,293
.github/workflows/triage-open-backlog.yml,2927,80
.gitignore,187,15
AGENTS.md,12946,220
CONTRIBUTING.md,10381,192
Cargo.lock,206544,8113
Cargo.toml,18006,293
LICENSE,1093,21
PACKAGING.md,8998,158
README.md,7139,144
assets/fonts/Inter-LICENSE.txt,4472,92
assets/fonts/NotoEmoji-LICENSE.txt,4423,93
assets/fonts/NotoEmoji.ttf,1982596,62712
assets/i18n/POTFILES,592,33
assets/i18n/de-DE.po,88999,3202
assets/i18n/es.po,88404,3187
assets/i18n/fr.po,90023,3207
assets/i18n/it.po,88219,3194
assets/i18n/ja.po,94025,3158
assets/i18n/nl.po,87225,3186
assets/i18n/pl.po,89644,3206
assets/i18n/pt-BR.po,87962,3176
assets/i18n/pt-PT.po,88571,3186
assets/i18n/ru.po,103965,3201
assets/i18n/spotifast.pot,65810,3058
assets/i18n/sv.po,86708,3168
assets/i18n/tr.po,88460,3173
assets/i18n/zh-Hans.po,83657,3080
assets/i18n/zh-Hant.po,84545,3087
assets/icons/LICENSE.txt,3251,43
assets/icons/arrow-right.svg,270,14
assets/icons/audio-lines.svg,362,18
assets/icons/badge-check.svg,421,14
assets/icons/bookmark-check.svg,380,14
assets/icons/bookmark-filled.svg,353,13
assets/icons/bookmark.svg,350,13
assets/icons/car.svg,497,16
assets/icons/cast.svg,406,16
assets/icons/circle-play.svg,361,14
assets/icons/circle-plus.svg,300,15
assets/icons/compass.svg,360,14
assets/icons/disc-3.svg,374,16
assets/icons/expand.svg,425,20
assets/icons/flame.svg,322,13
assets/icons/gamepad-2.svg,692,17
assets/icons/globe.svg,341,15
assets/icons/grip-vertical.svg,426,18
assets/icons/headphones.svg,355,13
assets/icons/heart-filled.svg,384,13
assets/icons/heart.svg,381,13
assets/icons/house.svg,392,14
assets/icons/laptop.svg,414,14
assets/icons/layout-grid.svg,427,16
assets/icons/layout-list.svg,418,18
assets/icons/library.svg,315,16
assets/icons/list-end.svg,361,17
assets/icons/list-music.svg,350,17
assets/icons/list-plus.svg,339,17
assets/icons/list-start.svg,360,17
assets/icons/list-video.svg,401,16
assets/icons/loader-circle.svg,259,13
assets/icons/monitor-cog.svg,684,24
assets/icons/music.svg,318,15
assets/icons/pause-filled.svg,325,14
assets/icons/play-filled.svg,317,13
assets/icons/radio.svg,449,17
assets/icons/repeat-1.svg,385,17
assets/icons/repeat.svg,358,16
assets/icons/shrink.svg,390,16
assets/icons/shuffle.svg,456,17
assets/icons/skip-back-filled.svg,347,14
assets/icons/skip-back.svg,344,14
assets/icons/skip-forward-filled.svg,345,14
assets/icons/skip-forward.svg,342,14
assets/icons/sparkles.svg,578,16
assets/icons/speaker.svg,358,16
assets/icons/square.svg,269,13
assets/icons/tablet.svg,323,14
assets/icons/trending-up.svg,280,14
assets/icons/tv.svg,299,14
assets/icons/volume-1.svg,436,14
assets/icons/volume.svg,400,13
assets/icons/watch.svg,451,16
assets/icons/zap.svg,398,13
assets/skins/spotifast.wsz,14062,93
assets/update-public-key.hex,66,1
build.rs,3856,91
contrib/omarchy/spotifast-theme,970,21
contrib/omarchy/spotifast.json.tpl,695,19
docs/CNAME,17,1
docs/Gemfile,224,8
docs/Gemfile.lock,11815,245
docs/_config.yml,3832,119
docs/_data/navigation.yml,193,10
docs/_data/sidebar.yml,82,4
docs/_data/social_links.yml,109,6
docs/_data/versions.yml,180,8
docs/_guide/download.md,5763,165
docs/_guide/getting-started.md,7125,161
docs/_guide/make-it-even-faster.md,3088,73
docs/_guide/milkdrop.md,2153,55
docs/_guide/using-spotifast.md,26201,508
docs/_guide/what-is-spotifast.md,4905,99
docs/_guide/winamp.md,3823,85
docs/_includes/jekyll_vitepress/head_end.html,407,8
docs/_reference/how-it-connects.md,23323,390
docs/_reference/nix-cache.md,1970,36
docs/_reference/packaging.md,2397,38
docs/_reference/privacy.md,2869,64
docs/_reference/queue.md,7945,141
docs/_reference/settings-and-files.md,31157,509
docs/_reference/translating.md,7113,136
docs/_reference/what-spotify-allows.md,6927,128
docs/assets/finite-scroll/README.md,476,8
docs/assets/finite-scroll/after-dark-small.png,285797,1727
docs/assets/finite-scroll/after-dark-wide.png,373629,2202
docs/assets/finite-scroll/after-light-small.png,282842,1518
docs/assets/finite-scroll/after-light-wide.png,371539,1958
docs/assets/finite-scroll/before-dark-small.png,285884,1697
docs/assets/finite-scroll/before-dark-wide.png,374536,2264
docs/assets/finite-scroll/before-light-small.png,226199,1416
docs/assets/finite-scroll/before-light-wide.png,371567,1955
docs/assets/images/collaboration.png,625545,4321
docs/assets/images/date-added-relative-demo.png,642608,3668
docs/assets/images/drag.gif,1206887,15354
docs/assets/images/launch-film-poster.jpg,82409,655
docs/assets/images/logo.svg,1487,12
docs/assets/images/lyrics-fullscreen-dark.png,730672,5592
docs/assets/images/lyrics-fullscreen-light.png,727971,5584
docs/assets/images/lyrics.png,761540,5113
docs/assets/images/make-it-even-faster.png,85761,582
docs/assets/images/milkdrop-poster.jpg,124364,856
docs/assets/images/milkdrop.mp4,6709284,52276
docs/assets/images/scripts.png,697670,4766
docs/assets/images/sorted.png,618441,4443
docs/assets/images/winamp.png,38147,279
docs/assets/mac-notch-widget/README.md,2299,28
docs/assets/mac-notch-widget/after-dark-narrow.png,373500,1994
docs/assets/mac-notch-widget/after-dark-normal.png,703754,3707
docs/assets/mac-notch-widget/after-light-narrow.png,243796,1826
docs/assets/mac-notch-widget/after-light-normal.png,407485,2897
docs/assets/mac-notch-widget/before-dark-narrow.png,373204,1981
docs/assets/mac-notch-widget/before-dark-normal.png,697136,3378
docs/assets/mac-notch-widget/before-light-narrow.png,243282,1818
docs/assets/mac-notch-widget/before-light-normal.png,406658,2906
docs/assets/mac-notch-widget/desktop-collapsed-settings.png,556432,3245
docs/assets/mac-notch-widget/desktop-expanded-paused.png,408576,3039
docs/assets/mac-notch-widget/desktop-expanded-playing.png,408679,3032
docs/assets/mac-notch-widget/notch-collapsed.png,2752,40
docs/assets/mac-notch-widget/notch-expanded.png,147707,834
docs/assets/mac-notch-widget/notch-paused.png,147651,883
docs/assets/mac-notch-widget/notch-remote.png,144850,864
docs/assets/mac-notch-widget/review.html,6433,117
docs/assets/top-result-artist-navigation/README.md,793,15
docs/assets/top-result-artist-navigation/after-dark-narrow.png,119913,736
docs/assets/top-result-artist-navigation/after-dark-normal.png,134274,832
docs/assets/top-result-artist-navigation/after-light-narrow.png,118548,627
docs/assets/top-result-artist-navigation/after-light-normal.png,133092,611
docs/assets/top-result-artist-navigation/before-dark-narrow.png,119890,751
docs/assets/top-result-artist-navigation/before-dark-normal.png,134274,834
docs/assets/top-result-artist-navigation/before-light-narrow.png,118541,575
docs/assets/top-result-artist-navigation/before-light-normal.png,133109,651
docs/assets/top-result-artist-navigation/review.html,2765,55
docs/assets/videos/launch-film.mp4,5851193,44966
docs/index.md,5694,154
docs/screenshot.png,985983,6835
examples/connect_probe.rs,4324,123
examples/default_skin.rs,37004,973
examples/rootlist_probe.rs,2966,70
examples/station_probe.rs,2987,72
examples/updater-inspect.rs,545,12
flake.lock,1156,48
flake.nix,8623,227
mise.toml,339,6
native-packages.yaml,5958,198
packaging/applications/spotifast.desktop,351,14
packaging/arch/spotifast-bin/PKGBUILD.in,2186,45
packaging/arch/spotifast-git/PKGBUILD.in,3109,73
packaging/arch/spotifast.install,539,22
packaging/arch/spotifast/PKGBUILD.in,2650,66
packaging/check-runtime-libs.c,1072,28
packaging/flatpak/flathub.sh,1525,32
packaging/flatpak/prepare-metainfo.py,2067,53
packaging/flatpak/rocks.spotifast.Spotifast.bundle.yml,1730,37
packaging/flatpak/rocks.spotifast.Spotifast.metainfo.xml,4437,102
packaging/flatpak/rocks.spotifast.Spotifast.yml,3086,64
packaging/flatpak/test-metainfo.py,3470,73
packaging/flatpak/test-state.sh,2289,37
packaging/homebrew/spotifast.rb.in,505,21
packaging/icons/spotifast.svg,1487,12
packaging/macos/Info.plist,1748,36
packaging/macos/bundle.sh,1960,51
packaging/macos/dmg.rb,922,19
packaging/macos/icon-1024.png,95745,719
packaging/release-names.py,1206,35
packaging/release-notes/v0.10.0.md,7916,49
packaging/release-notes/v0.10.0/radio.png,755266,6815
packaging/release-notes/v0.10.0/spanish.png,1870951,17501
packaging/release-notes/v0.10.1.md,2426,24
packaging/release-notes/v0.10.2.md,4867,30
packaging/release-notes/v0.10.2/rtl-titles.png,846931,7803
packaging/release-notes/v0.11.0.md,6152,40
packaging/release-notes/v0.11.0/cover-alone.png,762349,5774
packaging/release-notes/v0.11.0/lyrics-cover.png,899138,6690
packaging/release-notes/v0.11.0/player-bar-visualizer.png,380124,2823
packaging/release-notes/v0.11.1.md,5359,39
packaging/release-notes/v0.11.1/icon.png,42455,357
packaging/release-notes/v0.11.2.md,2997,24
packaging/release-notes/v0.11.2/sign-in.png,152376,1169
packaging/release-notes/v0.12.0.md,5395,36
packaging/release-notes/v0.9.1.md,3332,26
packaging/spotifast-portable.txt,23,1
packaging/test-arch-source.sh,1043,31
packaging/test-install.sh,3312,77
packaging/test-launchers.py,6447,122
packaging/test-release-names.py,2463,52
packaging/windows/spotifast-installer.txt,24,1
packaging/windows/spotifast.ico,34664,307
packaging/windows/spotifast.iss,6427,137
rust-toolchain.toml,274,6
src/api/client.rs,54267,1508
src/api/gateway.rs,19810,569
src/api/mod.rs,673,25
src/api/models.rs,33199,1019
src/app.rs,928782,23098
src/app/radio.rs,7888,198
src/appearance.rs,5672,167
src/auth.rs,22771,635
src/autoscroll.rs,1366,38
src/autoscroll/active.rs,12968,385
src/autoscroll/inactive.rs,1074,43
src/autoscroll/tests.rs,16395,485
src/backend.rs,234079,6241
src/bidi.rs,46699,1145
src/credentials.rs,45665,1240
src/demo.rs,374415,9275
src/emoji.rs,985,21
src/entrypoint.rs,55677,1411
src/eq.rs,23541,683
src/history.rs,11425,316
src/http.rs,16422,431
src/i18n.rs,19068,461
src/images.rs,52935,1412
src/lib.rs,1085,54
src/liked.rs,18587,517
src/limiter.rs,9139,245
src/link.rs,11162,287
src/lyrics.rs,25392,747
src/mac_links.rs,4483,118
src/mac_menu.rs,24583,734
src/mac_notch.rs,62844,1727
src/mac_touchbar_crash_guard.rs,6699,154
src/milkdrop.rs,19323,547
src/milkdrop/child.rs,43151,1167
src/milkdrop/engine.rs,14172,369
src/milkdrop/host.rs,11489,346
src/milkdrop/overlay.rs,26756,756
src/milkdrop/shm.rs,6090,155
src/model.rs,43939,1317
src/notch.rs,20482,592
src/opener.rs,1823,52
src/paths.rs,4373,142
src/player.rs,60992,1700
src/playlist_cover.rs,9530,239
src/resample.rs,6760,183
src/session_reads.rs,51670,1329
src/settings.rs,62149,1633
src/single_instance.rs,22754,556
src/sink.rs,54217,1434
src/skin/config.rs,14919,395
src/skin/font.rs,6168,166
src/skin/layout.rs,7301,197
src/skin/mod.rs,23147,574
src/skin/sprites.rs,14065,362
src/skin/zip.rs,13207,336
src/spotifast.rs,184,9
src/system_fonts.rs,5390,153
src/theme.rs,41555,1107
src/thumbbar.rs,11537,330
src/thumbbar/win.rs,38301,977
src/ui/artist.rs,15436,378
src/ui/collection.rs,145105,3918
src/ui/devices.rs,17163,410
src/ui/dialogs.rs,26220,650
src/ui/home.rs,29430,799
src/ui/keys.rs,25141,650
src/ui/library.rs,9661,262
src/ui/login.rs,16564,382
src/ui/lyrics.rs,31684,822
src/ui/mod.rs,28713,767
src/ui/player_bar.rs,40995,1082
src/ui/queue.rs,21902,607
src/ui/radio.rs,9280,287
src/ui/search.rs,25064,727
src/ui/settings.rs,91251,2202
src/ui/show.rs,14155,405
src/ui/sidebar.rs,98796,2588
src/ui/topbar.rs,27118,665
src/ui/update.rs,8304,196
src/ui/widgets.rs,148884,4107
src/ui/winamp/equalizer.rs,13700,394
src/ui/winamp/mod.rs,60436,1670
src/ui/winamp/pixel_text.rs,12311,352
src/ui/winamp/playlist.rs,30020,822
src/updates.rs,1779,48
src/util.rs,21702,565
src/vis.rs,37688,999
src/winamp.rs,19913,522
src/window.rs,18770,492
src/zeroconf.rs,23272,622
tests/branding.rs,8540,242
tests/localization.rs,4165,109
tests/omarchy.rs,4219,113
tests/startup_diagnostics.rs,1228,35
tests/tray.rs,4722,120
tests/update_launch.rs,2716,64
